{
    "Version": "2012-10-17",
    "Statement": [
      {
          "Action": "s3:GetBucketAcl",
          "Effect": "Allow",
          "Resource": "arn:aws:s3:::mybucket",
          "Principal": { "Service": "logs.us-east-1.amazonaws.com" }
      },
      {
          "Action": "s3:PutObject" ,
          "Effect": "Allow",
          "Resource": "arn:aws:s3:::mybucket/*",
          "Condition": { "StringEquals": { "s3:x-amz-acl": "bucket-owner-full-control" } },
          "Principal": { "Service": "logs.us-east-1.amazonaws.com" }
      }
    ]
}