{
    "Version": "2012-10-17",
    "Statement": [
        {
            "Effect": "Allow",
            "Action": "lambda:InvokeFunction",
            "Resource": "arn:aws:lambda:us-east-1:411382599149:function:productVisitsDatalakeLoadingHandler"
        },
        {
            "Effect": "Allow",
            "Action": [
                "logs:CreateLogGroup",
                "logs:CreateLogStream",
                "logs:PutLogEvents"
            ],
            "Resource": "arn:aws:logs:us-east-1:411382599149:*"
        },
        {
            "Effect": "Allow",
            "Action": [
                "dynamodb:GetRecords",
                "dynamodb:GetShardIterator",
                "dynamodb:DescribeStream",
                "dynamodb:ListStreams"
            ],
            "Resource": "arn:aws:dynamodb:us-east-1:411382599149:table/ProductVisits/stream/*"
        },
        {
            "Effect": "Allow",
            "Action": [
                "s3:*"
            ],
            "Resource": [
                "arn:aws:s3:::product-visits-datalake",
                "arn:aws:s3:::product-visits-datalake/*"
            ]
        }
    ]
}